date,Los Angeles,San Diego,San Francisco,Santa Barbara,Fresno,Sacramento,Ventura,Riverside
2020-02-01,13.0,0.0,1.0,0.0,0.0,0.0,0.0,2.0
2020-02-02,4.0,0.0,0.0,0.0,0.0,0.0,0.0,1.0
2020-02-03,4.0,0.0,0.0,0.0,0.0,0.0,0.0,1.0
2020-02-04,1.0,0.0,0.0,0.0,0.0,0.0,0.0,0.0
2020-02-05,0.0,0.0,0.0,0.0,0.0,0.0,0.0,0.0
2020-02-06,0.0,1.0,0.0,0.0,0.0,0.0,1.0,0.0
2020-02-07,1.0,0.0,0.0,0.0,0.0,0.0,0.0,0.0
2020-02-08,1.0,0.0,0.0,0.0,0.0,0.0,0.0,0.0
2020-02-09,3.0,1.0,0.0,0.0,0.0,0.0,0.0,0.0
2020-02-10,1.0,0.0,1.0,0.0,0.0,1.0,1.0,0.0
2020-02-11,2.0,0.0,0.0,0.0,0.0,0.0,0.0,0.0
2020-02-12,0.0,0.0,0.0,0.0,0.0,0.0,0.0,0.0
2020-02-13,1.0,0.0,0.0,0.0,0.0,0.0,0.0,0.0
2020-02-14,3.0,1.0,0.0,0.0,0.0,0.0,0.0,0.0
2020-02-15,5.0,1.0,0.0,0.0,0.0,1.0,0.0,0.0
2020-02-16,3.0,0.0,0.0,0.0,0.0,0.0,0.0,1.0
2020-02-17,6.0,0.0,0.0,0.0,0.0,0.0,0.0,0.0
2020-02-18,3.0,0.0,0.0,0.0,0.0,0.0,0.0,0.0
2020-02-19,3.0,0.0,0.0,0.0,1.0,0.0,0.0,0.0
2020-02-20,3.0,1.0,1.0,0.0,0.0,0.0,2.0,2.0
2020-02-21,1.0,0.0,0.0,0.0,0.0,3.0,0.0,2.0
2020-02-22,4.0,0.0,0.0,0.0,0.0,1.0,0.0,0.0
2020-02-23,2.0,1.0,2.0,0.0,0.0,0.0,0.0,0.0
2020-02-24,8.0,1.0,1.0,0.0,0.0,1.0,0.0,0.0
2020-02-25,6.0,0.0,1.0,0.0,0.0,1.0,0.0,1.0
2020-02-26,12.0,4.0,2.0,0.0,0.0,2.0,0.0,0.0
2020-02-27,6.0,1.0,0.0,0.0,0.0,0.0,0.0,2.0
2020-02-28,8.0,1.0,1.0,0.0,0.0,0.0,2.0,1.0
2020-02-29,8.0,3.0,2.0,0.0,0.0,6.0,0.0,2.0
2020-03-01,29.0,5.0,1.0,1.0,0.0,5.0,2.0,3.0
2020-03-02,19.0,7.0,4.0,0.0,1.0,4.0,2.0,1.0
2020-03-03,15.0,6.0,7.0,0.0,0.0,6.0,1.0,1.0
2020-03-04,19.0,7.0,2.0,1.0,1.0,1.0,1.0,3.0
2020-03-05,36.0,13.0,5.0,0.0,0.0,5.0,1.0,4.0
2020-03-06,47.0,7.0,10.0,1.0,0.0,6.0,2.0,3.0
2020-03-07,43.0,13.0,6.0,2.0,1.0,9.0,3.0,1.0
2020-03-08,51.0,18.0,6.0,0.0,1.0,13.0,3.0,10.0
2020-03-09,95.0,34.0,19.0,3.0,2.0,10.0,4.0,8.0
2020-03-10,105.0,39.0,20.0,2.0,0.0,4.0,4.0,10.0
2020-03-11,136.0,43.0,32.0,3.0,2.0,9.0,8.0,22.0
2020-03-12,172.0,50.0,25.0,9.0,3.0,18.0,8.0,26.0
2020-03-13,164.0,55.0,25.0,11.0,8.0,24.0,9.0,26.0
2020-03-14,157.0,50.0,14.0,4.0,5.0,22.0,14.0,30.0
2020-03-15,182.0,75.0,21.0,9.0,8.0,22.0,9.0,20.0
2020-03-16,249.0,87.0,58.0,9.0,20.0,36.0,11.0,52.0
2020-03-17,238.0,91.0,38.0,10.0,15.0,27.0,10.0,36.0
2020-03-18,209.0,67.0,27.0,12.0,10.0,20.0,17.0,62.0
2020-03-19,246.0,85.0,19.0,8.0,9.0,23.0,19.0,63.0
2020-03-20,291.0,83.0,36.0,12.0,9.0,33.0,22.0,111.0
2020-03-21,229.0,52.0,32.0,12.0,3.0,21.0,10.0,59.0
2020-03-22,277.0,77.0,36.0,10.0,4.0,27.0,8.0,47.0
2020-03-23,330.0,88.0,37.0,14.0,20.0,32.0,22.0,90.0
2020-03-24,308.0,59.0,29.0,18.0,10.0,33.0,17.0,43.0
2020-03-25,444.0,67.0,32.0,6.0,19.0,20.0,16.0,67.0
2020-03-26,399.0,62.0,41.0,10.0,20.0,26.0,16.0,71.0
2020-03-27,407.0,67.0,27.0,13.0,9.0,33.0,16.0,71.0
2020-03-28,406.0,57.0,25.0,14.0,12.0,23.0,9.0,56.0
2020-03-29,386.0,59.0,24.0,10.0,10.0,18.0,4.0,68.0
2020-03-30,648.0,72.0,44.0,8.0,24.0,40.0,27.0,124.0
2020-03-31,660.0,70.0,40.0,9.0,25.0,24.0,11.0,81.0
2020-04-01,661.0,82.0,35.0,15.0,25.0,52.0,11.0,146.0
2020-04-02,650.0,70.0,28.0,13.0,22.0,33.0,13.0,168.0
2020-04-03,834.0,67.0,26.0,11.0,16.0,18.0,18.0,117.0
2020-04-04,614.0,61.0,24.0,11.0,12.0,21.0,10.0,80.0
2020-04-05,614.0,48.0,38.0,9.0,10.0,18.0,13.0,101.0
2020-04-06,571.0,82.0,47.0,16.0,34.0,31.0,14.0,129.0
2020-04-07,733.0,82.0,40.0,9.0,22.0,30.0,18.0,126.0
2020-04-08,649.0,77.0,60.0,14.0,15.0,30.0,17.0,157.0
2020-04-09,601.0,74.0,67.0,17.0,20.0,34.0,9.0,157.0
2020-04-10,631.0,96.0,20.0,10.0,25.0,23.0,19.0,143.0
2020-04-11,515.0,60.0,31.0,8.0,7.0,9.0,9.0,66.0
2020-04-12,475.0,66.0,22.0,8.0,10.0,11.0,10.0,79.0
2020-04-13,720.0,90.0,27.0,19.0,29.0,37.0,10.0,182.0
2020-04-14,718.0,83.0,38.0,19.0,22.0,12.0,21.0,141.0
2020-04-15,895.0,95.0,54.0,24.0,23.0,9.0,13.0,135.0
2020-04-16,824.0,88.0,36.0,16.0,26.0,9.0,15.0,195.0
2020-04-17,892.0,108.0,44.0,11.0,30.0,8.0,12.0,120.0
2020-04-18,639.0,90.0,25.0,5.0,22.0,7.0,5.0,127.0
2020-04-19,530.0,102.0,39.0,6.0,20.0,12.0,8.0,75.0
2020-04-20,1003.0,167.0,33.0,7.0,36.0,27.0,8.0,143.0
2020-04-21,916.0,142.0,32.0,7.0,18.0,10.0,14.0,125.0
2020-04-22,861.0,156.0,30.0,9.0,34.0,10.0,12.0,132.0
2020-04-23,1025.0,128.0,37.0,5.0,40.0,5.0,11.0,104.0
2020-04-24,1061.0,161.0,25.0,6.0,38.0,12.0,14.0,114.0
2020-04-25,930.0,111.0,58.0,6.0,23.0,6.0,10.0,81.0
2020-04-26,633.0,101.0,25.0,7.0,32.0,2.0,14.0,90.0
2020-04-27,1158.0,142.0,39.0,7.0,94.0,9.0,18.0,143.0
2020-04-28,1019.0,126.0,54.0,8.0,103.0,15.0,19.0,123.0
2020-04-29,1064.0,130.0,35.0,5.0,51.0,15.0,20.0,95.0
2020-04-30,977.0,142.0,28.0,13.0,52.0,22.0,24.0,77.0
2020-05-01,1010.0,171.0,34.0,12.0,66.0,6.0,28.0,100.0
2020-05-02,756.0,91.0,44.0,6.0,31.0,5.0,13.0,64.0
2020-05-03,529.0,102.0,23.0,8.0,26.0,3.0,14.0,66.0
2020-05-04,986.0,137.0,29.0,359.0,92.0,9.0,34.0,105.0
2020-05-05,1297.0,141.0,38.0,247.0,70.0,10.0,21.0,94.0
2020-05-06,1070.0,143.0,35.0,221.0,73.0,7.0,24.0,110.0
2020-05-07,1008.0,133.0,25.0,41.0,63.0,6.0,27.0,144.0
2020-05-08,1122.0,157.0,31.0,27.0,86.0,6.0,24.0,116.0
2020-05-09,731.0,107.0,18.0,9.0,42.0,5.0,18.0,100.0
2020-05-10,622.0,112.0,15.0,8.0,38.0,4.0,21.0,95.0
2020-05-11,1261.0,152.0,18.0,11.0,85.0,16.0,58.0,122.0
2020-05-12,1181.0,153.0,46.0,11.0,92.0,15.0,61.0,158.0
2020-05-13,998.0,144.0,35.0,31.0,84.0,20.0,56.0,123.0
2020-05-14,1311.0,136.0,28.0,11.0,98.0,15.0,31.0,123.0
2020-05-15,1175.0,135.0,33.0,12.0,60.0,12.0,31.0,184.0
2020-05-16,787.0,107.0,16.0,9.0,67.0,10.0,18.0,114.0
2020-05-17,574.0,86.0,23.0,11.0,57.0,7.0,26.0,85.0
2020-05-18,1241.0,132.0,27.0,20.0,106.0,11.0,45.0,173.0
2020-05-19,1028.0,133.0,23.0,11.0,78.0,6.0,23.0,200.0
2020-05-20,1204.0,144.0,34.0,14.0,114.0,14.0,41.0,160.0
2020-05-21,997.0,117.0,23.0,19.0,73.0,10.0,36.0,143.0
2020-05-22,1038.0,136.0,24.0,15.0,91.0,13.0,49.0,186.0
2020-05-23,797.0,86.0,18.0,10.0,59.0,16.0,18.0,115.0
2020-05-24,545.0,91.0,19.0,8.0,20.0,16.0,20.0,91.0
2020-05-25,1016.0,143.0,23.0,12.0,67.0,16.0,12.0,141.0
2020-05-26,1812.0,176.0,37.0,10.0,104.0,20.0,41.0,231.0
2020-05-27,1467.0,143.0,33.0,17.0,87.0,26.0,37.0,447.0
2020-05-28,1375.0,151.0,29.0,15.0,88.0,28.0,25.0,379.0
2020-05-29,1577.0,157.0,34.0,28.0,81.0,20.0,33.0,404.0
2020-05-30,957.0,123.0,24.0,27.0,50.0,23.0,24.0,186.0
2020-05-31,536.0,93.0,25.0,19.0,61.0,11.0,17.0,144.0
2020-06-01,1295.0,194.0,36.0,51.0,165.0,31.0,61.0,256.0
2020-06-02,1473.0,180.0,37.0,34.0,95.0,39.0,53.0,452.0
2020-06-03,1404.0,146.0,35.0,40.0,113.0,29.0,53.0,296.0
2020-06-04,1609.0,148.0,31.0,34.0,99.0,29.0,67.0,274.0
2020-06-05,1466.0,163.0,33.0,31.0,105.0,28.0,44.0,278.0
2020-06-06,1152.0,115.0,18.0,31.0,64.0,22.0,33.0,259.0
2020-06-07,753.0,121.0,15.0,39.0,55.0,23.0,24.0,178.0
2020-06-08,1708.0,179.0,44.0,55.0,130.0,48.0,66.0,296.0
2020-06-09,1462.0,157.0,27.0,55.0,124.0,50.0,58.0,369.0
2020-06-10,1660.0,185.0,25.0,56.0,152.0,54.0,66.0,378.0
2020-06-11,1515.0,164.0,25.0,56.0,177.0,39.0,46.0,323.0
2020-06-12,1667.0,230.0,29.0,61.0,153.0,48.0,77.0,353.0
2020-06-13,1405.0,170.0,34.0,54.0,138.0,55.0,52.0,337.0
2020-06-14,1041.0,172.0,20.0,58.0,98.0,55.0,46.0,279.0
2020-06-15,2326.0,375.0,40.0,77.0,185.0,87.0,99.0,443.0
2020-06-16,2189.0,340.0,44.0,68.0,212.0,116.0,81.0,618.0
2020-06-17,2321.0,362.0,51.0,67.0,238.0,110.0,100.0,675.0
2020-06-18,2309.0,379.0,39.0,72.0,226.0,107.0,100.0,636.0
2020-06-19,2267.0,422.0,49.0,74.0,266.0,116.0,126.0,616.0
2020-06-20,1987.0,363.0,55.0,73.0,162.0,83.0,84.0,405.0
2020-06-21,1575.0,323.0,44.0,57.0,126.0,71.0,66.0,300.0
2020-06-22,2893.0,546.0,106.0,107.0,570.0,201.0,178.0,706.0
2020-06-23,2900.0,492.0,93.0,92.0,532.0,217.0,148.0,972.0
2020-06-24,2942.0,520.0,73.0,95.0,652.0,179.0,160.0,1019.0
2020-06-25,2763.0,503.0,63.0,119.0,331.0,204.0,341.0,847.0
2020-06-26,2769.0,539.0,66.0,105.0,313.0,223.0,182.0,755.0
2020-06-27,2166.0,365.0,55.0,90.0,226.0,165.0,86.0,463.0
2020-06-28,1741.0,365.0,55.0,72.0,246.0,117.0,100.0,389.0
2020-06-29,3203.0,545.0,78.0,145.0,363.0,228.0,158.0,828.0
2020-06-30,3040.0,578.0,77.0,109.0,348.0,287.0,147.0,1034.0
2020-07-01,3584.0,705.0,105.0,116.0,447.0,289.0,134.0,718.0
2020-07-02,3200.0,568.0,93.0,120.0,434.0,255.0,142.0,842.0
2020-07-03,2017.0,465.0,95.0,100.0,460.0,227.0,156.0,573.0
2020-07-04,1513.0,455.0,46.0,87.0,305.0,134.0,96.0,306.0
2020-07-05,1815.0,460.0,92.0,75.0,317.0,171.0,124.0,366.0
2020-07-06,3231.0,691.0,117.0,147.0,566.0,315.0,203.0,856.0
2020-07-07,3601.0,732.0,121.0,137.0,468.0,351.0,193.0,1055.0
2020-07-08,3579.0,719.0,92.0,128.0,453.0,342.0,169.0,1016.0
2020-07-09,3205.0,570.0,89.0,119.0,416.0,289.0,165.0,964.0
2020-07-10,3259.0,592.0,132.0,132.0,454.0,327.0,168.0,893.0
2020-07-11,2421.0,384.0,91.0,97.0,332.0,255.0,114.0,518.0
2020-07-12,1719.0,392.0,96.0,69.0,260.0,174.0,96.0,391.0
2020-07-13,3424.0,630.0,150.0,130.0,425.0,312.0,216.0,758.0
2020-07-14,3233.0,567.0,127.0,114.0,429.0,297.0,190.0,925.0
2020-07-15,3133.0,620.0,151.0,124.0,420.0,354.0,161.0,757.0
2020-07-16,3466.0,467.0,113.0,114.0,474.0,380.0,177.0,782.0
2020-07-17,3222.0,487.0,141.0,95.0,511.0,313.0,162.0,745.0
2020-07-18,2372.0,388.0,94.0,72.0,298.0,244.0,83.0,599.0
2020-07-19,1446.0,303.0,102.0,60.0,249.0,245.0,82.0,354.0
2020-07-20,3446.0,501.0,146.0,102.0,524.0,393.0,190.0,705.0
2020-07-21,2962.0,442.0,121.0,110.0,442.0,328.0,134.0,831.0
2020-07-22,2990.0,449.0,109.0,80.0,400.0,272.0,132.0,702.0
2020-07-23,2650.0,388.0,104.0,84.0,363.0,262.0,128.0,636.0
2020-07-24,2551.0,374.0,101.0,73.0,356.0,233.0,124.0,605.0
2020-07-25,2025.0,300.0,94.0,53.0,225.0,188.0,85.0,423.0
2020-07-26,1134.0,261.0,58.0,35.0,187.0,146.0,73.0,269.0
2020-07-27,2569.0,396.0,106.0,101.0,391.0,305.0,207.0,560.0
2020-07-28,2426.0,374.0,87.0,79.0,348.0,293.0,128.0,679.0
2020-07-29,2231.0,350.0,113.0,64.0,336.0,259.0,126.0,601.0
2020-07-30,2025.0,325.0,94.0,67.0,292.0,246.0,105.0,592.0
2020-07-31,2030.0,347.0,101.0,80.0,336.0,219.0,112.0,541.0
2020-08-01,1598.0,234.0,100.0,67.0,220.0,178.0,75.0,390.0
2020-08-02,892.0,217.0,61.0,40.0,137.0,151.0,46.0,212.0
2020-08-03,2093.0,340.0,118.0,90.0,275.0,279.0,147.0,433.0
2020-08-04,2039.0,314.0,94.0,44.0,294.0,195.0,91.0,468.0
2020-08-05,1940.0,293.0,88.0,60.0,285.0,218.0,114.0,385.0
2020-08-06,1921.0,224.0,93.0,60.0,244.0,219.0,116.0,392.0
2020-08-07,2073.0,267.0,93.0,60.0,298.0,229.0,115.0,394.0
2020-08-08,1467.0,185.0,78.0,51.0,160.0,145.0,60.0,264.0
2020-08-09,885.0,189.0,66.0,38.0,137.0,129.0,55.0,204.0
2020-08-10,2062.0,291.0,115.0,88.0,309.0,280.0,148.0,345.0
2020-08-11,1577.0,266.0,90.0,55.0,281.0,311.0,84.0,385.0
2020-08-12,1501.0,267.0,96.0,49.0,322.0,291.0,68.0,357.0
2020-08-13,1398.0,209.0,83.0,60.0,230.0,212.0,87.0,348.0
2020-08-14,1382.0,236.0,94.0,45.0,227.0,203.0,89.0,296.0
2020-08-15,1172.0,194.0,58.0,50.0,134.0,149.0,75.0,229.0
2020-08-16,752.0,166.0,62.0,28.0,116.0,110.0,59.0,151.0
2020-08-17,1570.0,264.0,87.0,49.0,221.0,240.0,109.0,331.0
2020-08-18,1519.0,266.0,71.0,42.0,207.0,220.0,123.0,333.0
2020-08-19,1265.0,293.0,85.0,42.0,221.0,230.0,90.0,332.0
2020-08-20,1278.0,250.0,64.0,49.0,189.0,180.0,92.0,249.0
2020-08-21,1234.0,220.0,86.0,38.0,182.0,242.0,113.0,219.0
2020-08-22,874.0,204.0,50.0,41.0,170.0,123.0,65.0,195.0
2020-08-23,659.0,183.0,60.0,26.0,97.0,112.0,55.0,148.0
2020-08-24,1598.0,321.0,95.0,68.0,205.0,224.0,101.0,270.0
2020-08-25,1362.0,288.0,83.0,41.0,188.0,197.0,80.0,278.0
2020-08-26,1299.0,279.0,77.0,52.0,188.0,153.0,85.0,232.0
2020-08-27,1012.0,338.0,74.0,34.0,148.0,163.0,72.0,241.0
2020-08-28,1002.0,271.0,66.0,38.0,182.0,198.0,63.0,209.0
2020-08-29,812.0,230.0,52.0,32.0,134.0,97.0,36.0,131.0
2020-08-30,628.0,266.0,28.0,26.0,55.0,72.0,42.0,112.0
2020-08-31,1137.0,398.0,97.0,60.0,126.0,178.0,113.0,179.0
2020-09-01,1107.0,367.0,79.0,46.0,221.0,237.0,88.0,222.0
2020-09-02,1091.0,358.0,69.0,50.0,147.0,183.0,78.0,217.0
2020-09-03,931.0,320.0,69.0,55.0,148.0,233.0,87.0,202.0
2020-09-04,863.0,314.0,66.0,47.0,119.0,128.0,118.0,180.0
2020-09-05,568.0,230.0,40.0,30.0,104.0,88.0,42.0,113.0
2020-09-06,535.0,193.0,33.0,16.0,68.0,90.0,43.0,106.0
2020-09-07,633.0,248.0,74.0,29.0,64.0,95.0,45.0,116.0
2020-09-08,1047.0,400.0,51.0,44.0,94.0,242.0,95.0,275.0
2020-09-09,931.0,316.0,73.0,34.0,120.0,235.0,69.0,214.0
2020-09-10,873.0,289.0,50.0,43.0,103.0,106.0,91.0,230.0
2020-09-11,979.0,266.0,77.0,45.0,122.0,122.0,94.0,319.0
2020-09-12,681.0,220.0,48.0,33.0,78.0,85.0,54.0,135.0
2020-09-13,557.0,195.0,44.0,14.0,71.0,69.0,51.0,128.0
2020-09-14,1152.0,326.0,78.0,37.0,108.0,346.0,108.0,207.0
2020-09-15,1031.0,311.0,67.0,26.0,84.0,195.0,102.0,219.0
2020-09-16,1111.0,319.0,58.0,25.0,107.0,144.0,53.0,294.0
2020-09-17,982.0,292.0,47.0,33.0,107.0,95.0,71.0,194.0
2020-09-18,943.0,280.0,94.0,24.0,109.0,235.0,87.0,226.0
2020-09-19,761.0,250.0,38.0,21.0,65.0,83.0,61.0,122.0
2020-09-20,624.0,228.0,33.0,20.0,73.0,54.0,32.0,127.0
2020-09-21,1228.0,373.0,54.0,36.0,114.0,187.0,66.0,201.0
2020-09-22,1086.0,284.0,48.0,28.0,102.0,181.0,84.0,272.0
2020-09-23,1066.0,307.0,44.0,30.0,95.0,120.0,52.0,484.0
2020-09-24,1017.0,276.0,49.0,29.0,95.0,77.0,56.0,306.0
2020-09-25,1042.0,269.0,47.0,53.0,106.0,126.0,82.0,265.0
2020-09-26,794.0,202.0,34.0,24.0,60.0,77.0,43.0,176.0
2020-09-27,632.0,205.0,29.0,11.0,67.0,56.0,35.0,135.0
2020-09-28,1180.0,344.0,52.0,21.0,105.0,98.0,89.0,296.0
2020-09-29,1107.0,318.0,34.0,18.0,81.0,147.0,78.0,298.0
2020-09-30,1215.0,277.0,36.0,20.0,95.0,121.0,57.0,330.0
2020-10-01,1222.0,304.0,30.0,26.0,90.0,104.0,35.0,355.0
2020-10-02,1046.0,282.0,31.0,40.0,80.0,112.0,52.0,252.0
2020-10-03,901.0,252.0,23.0,23.0,83.0,65.0,39.0,221.0
2020-10-04,707.0,231.0,25.0,13.0,60.0,51.0,38.0,152.0
2020-10-05,1386.0,367.0,32.0,26.0,123.0,113.0,82.0,286.0
2020-10-06,1094.0,336.0,39.0,22.0,117.0,104.0,69.0,320.0
2020-10-07,1238.0,337.0,26.0,29.0,144.0,87.0,67.0,265.0
2020-10-08,1181.0,316.0,35.0,26.0,121.0,97.0,50.0,347.0
2020-10-09,1202.0,280.0,38.0,28.0,105.0,107.0,48.0,268.0
2020-10-10,1134.0,276.0,30.0,28.0,73.0,70.0,36.0,236.0
2020-10-11,718.0,230.0,21.0,11.0,64.0,67.0,25.0,203.0
2020-10-12,1438.0,350.0,43.0,31.0,138.0,143.0,61.0,288.0
2020-10-13,1220.0,290.0,32.0,39.0,133.0,106.0,62.0,311.0
2020-10-14,1282.0,293.0,35.0,31.0,122.0,77.0,55.0,319.0
2020-10-15,1314.0,319.0,32.0,34.0,115.0,144.0,53.0,283.0
2020-10-16,1285.0,284.0,28.0,24.0,97.0,116.0,56.0,333.0
2020-10-17,1064.0,242.0,22.0,19.0,75.0,94.0,43.0,226.0
2020-10-18,754.0,225.0,27.0,19.0,54.0,84.0,45.0,198.0
2020-10-19,1709.0,389.0,39.0,39.0,129.0,156.0,80.0,313.0
2020-10-20,1484.0,386.0,44.0,36.0,109.0,139.0,65.0,431.0
2020-10-21,1494.0,336.0,47.0,29.0,103.0,128.0,64.0,379.0
2020-10-22,1341.0,352.0,49.0,17.0,95.0,193.0,63.0,296.0
2020-10-23,1377.0,387.0,58.0,34.0,110.0,140.0,47.0,335.0
2020-10-24,1084.0,306.0,31.0,16.0,67.0,105.0,29.0,239.0
2020-10-25,818.0,277.0,58.0,17.0,61.0,81.0,53.0,208.0
2020-10-26,1565.0,463.0,73.0,20.0,134.0,215.0,93.0,451.0
2020-10-27,1427.0,393.0,60.0,23.0,113.0,181.0,69.0,451.0
2020-10-28,1388.0,473.0,75.0,30.0,119.0,187.0,83.0,353.0
2020-10-29,1456.0,383.0,58.0,23.0,121.0,196.0,73.0,398.0
2020-10-30,1628.0,466.0,78.0,33.0,157.0,213.0,91.0,376.0
2020-10-31,1436.0,405.0,55.0,23.0,122.0,148.0,73.0,338.0
2020-11-01,1375.0,453.0,74.0,29.0,137.0,199.0,84.0,357.0
2020-11-02,2570.0,688.0,123.0,51.0,258.0,321.0,148.0,630.0
2020-11-03,2348.0,723.0,97.0,41.0,269.0,342.0,141.0,631.0
2020-11-04,2456.0,676.0,122.0,54.0,266.0,380.0,127.0,619.0
2020-11-05,2311.0,646.0,83.0,38.0,232.0,350.0,140.0,617.0
2020-11-06,2356.0,626.0,112.0,44.0,243.0,380.0,166.0,711.0
2020-11-07,1970.0,524.0,70.0,36.0,188.0,292.0,86.0,449.0
2020-11-08,1514.0,512.0,61.0,42.0,154.0,250.0,60.0,395.0
2020-11-09,3126.0,845.0,131.0,70.0,335.0,559.0,195.0,654.0
2020-11-10,3097.0,855.0,120.0,57.0,311.0,472.0,202.0,782.0
2020-11-11,3249.0,891.0,117.0,67.0,270.0,407.0,183.0,642.0
2020-11-12,3367.0,935.0,107.0,66.0,319.0,457.0,215.0,902.0
2020-11-13,3743.0,980.0,98.0,62.0,349.0,491.0,250.0,931.0
2020-11-14,3128.0,847.0,93.0,52.0,246.0,318.0,146.0,738.0
2020-11-15,2706.0,765.0,88.0,54.0,250.0,326.0,146.0,740.0
2020-11-16,5047.0,1501.0,175.0,95.0,513.0,626.0,274.0,1321.0
2020-11-17,4754.0,1311.0,159.0,65.0,489.0,638.0,338.0,1373.0
2020-11-18,4952.0,1253.0,166.0,85.0,598.0,599.0,272.0,1386.0
2020-11-19,4875.0,1294.0,144.0,79.0,439.0,625.0,325.0,1464.0
2020-11-20,5026.0,1250.0,157.0,80.0,450.0,514.0,353.0,1483.0
2020-11-21,3896.0,998.0,103.0,56.0,294.0,376.0,168.0,1011.0
2020-11-22,3184.0,779.0,103.0,52.0,256.0,396.0,163.0,776.0
2020-11-23,6281.0,1737.0,171.0,135.0,482.0,733.0,361.0,1595.0
2020-11-24,6101.0,1463.0,158.0,107.0,448.0,570.0,375.0,1778.0
2020-11-25,6309.0,1410.0,195.0,106.0,402.0,681.0,381.0,1759.0
2020-11-26,3028.0,657.0,105.0,50.0,233.0,336.0,95.0,543.0
2020-11-27,5160.0,1610.0,135.0,81.0,406.0,642.0,496.0,1603.0
2020-11-28,6516.0,1194.0,156.0,93.0,406.0,621.0,324.0,1610.0
2020-11-29,4922.0,1254.0,176.0,102.0,347.0,578.0,298.0,1409.0
2020-11-30,10405.0,2411.0,282.0,155.0,951.0,1078.0,684.0,2394.0
2020-12-01,10682.0,2363.0,298.0,178.0,1110.0,1080.0,756.0,2994.0
2020-12-02,10373.0,2257.0,284.0,139.0,902.0,1049.0,613.0,2809.0
2020-12-03,10052.0,1916.0,237.0,151.0,756.0,1039.0,412.0,2717.0
2020-12-04,10102.0,1815.0,222.0,129.0,753.0,1059.0,703.0,2762.0
2020-12-05,8624.0,1484.0,191.0,107.0,709.0,764.0,377.0,2197.0
2020-12-06,5800.0,1352.0,184.0,100.0,319.0,665.0,372.0,1612.0
2020-12-07,13598.0,3033.0,323.0,232.0,955.0,1240.0,541.0,3096.0
2020-12-08,13671.0,2789.0,292.0,241.0,1474.0,1095.0,589.0,3200.0
2020-12-09,12705.0,3371.0,309.0,184.0,1264.0,1065.0,663.0,3367.0
2020-12-10,13501.0,2980.0,304.0,200.0,1000.0,1064.0,864.0,3700.0
2020-12-11,13982.0,2525.0,312.0,179.0,978.0,901.0,850.0,3691.0
2020-12-12,11811.0,1960.0,232.0,143.0,1013.0,663.0,607.0,3077.0
2020-12-13,6812.0,1621.0,195.0,152.0,351.0,581.0,444.0,2059.0
2020-12-14,17629.0,3600.0,341.0,269.0,1107.0,1269.0,1000.0,4126.0
2020-12-15,17631.0,3736.0,370.0,273.0,1023.0,1107.0,923.0,4122.0
2020-12-16,16398.0,3567.0,309.0,226.0,1372.0,1016.0,622.0,4050.0
2020-12-17,16542.0,3104.0,258.0,251.0,957.0,972.0,773.0,4118.0
2020-12-18,15667.0,2801.0,289.0,233.0,861.0,907.0,610.0,3878.0
2020-12-19,12151.0,2178.0,167.0,141.0,827.0,626.0,504.0,2838.0
2020-12-20,7118.0,1767.0,155.0,156.0,325.0,534.0,281.0,1988.0
2020-12-21,18103.0,3718.0,317.0,322.0,990.0,999.0,701.0,4207.0
2020-12-22,19100.0,3451.0,290.0,274.0,1150.0,1017.0,1080.0,4225.0
2020-12-23,17271.0,3359.0,272.0,266.0,1033.0,928.0,766.0,3810.0
2020-12-24,9069.0,2426.0,220.0,208.0,610.0,649.0,397.0,2271.0
2020-12-25,4187.0,1084.0,171.0,105.0,223.0,275.0,280.0,936.0
2020-12-26,13666.0,2480.0,282.0,224.0,864.0,692.0,1156.0,3282.0
2020-12-27,8568.0,2525.0,241.0,239.0,470.0,625.0,965.0,2485.0
2020-12-28,21516.0,4407.0,354.0,529.0,1247.0,1208.0,1063.0,4914.0
2020-12-29,22355.0,4744.0,359.0,468.0,1269.0,1234.0,1669.0,4897.0
2020-12-30,20206.0,4223.0,334.0,469.0,1376.0,1051.0,1255.0,4600.0
2020-12-31,10917.0,3633.0,272.0,402.0,846.0,873.0,1287.0,2946.0
2021-01-01,5342.0,1763.0,227.0,244.0,433.0,530.0,511.0,1679.0
2021-01-02,14208.0,3073.0,270.0,320.0,1073.0,596.0,1493.0,3188.0
2021-01-03,8364.0,2599.0,258.0,289.0,544.0,634.0,1155.0,2643.0
2021-01-04,22059.0,5260.0,498.0,733.0,1148.0,1208.0,1825.0,4877.0
2021-01-05,20131.0,4574.0,388.0,523.0,1268.0,1055.0,1503.0,4551.0
2021-01-06,18737.0,4140.0,368.0,446.0,1221.0,928.0,1244.0,4126.0
2021-01-07,15959.0,3500.0,370.0,489.0,843.0,1023.0,1243.0,4021.0
2021-01-08,14919.0,3306.0,328.0,427.0,955.0,906.0,1161.0,3462.0
2021-01-09,10813.0,2538.0,250.0,286.0,814.0,573.0,866.0,2406.0
2021-01-10,5575.0,1694.0,172.0,212.0,409.0,533.0,829.0,1756.0
2021-01-11,14610.0,3668.0,385.0,559.0,811.0,961.0,1269.0,3364.0
2021-01-12,13226.0,3269.0,276.0,450.0,879.0,932.0,1136.0,3512.0
2021-01-13,11663.0,2914.0,275.0,422.0,872.0,728.0,972.0,3132.0
2021-01-14,10792.0,2614.0,239.0,442.0,719.0,661.0,1011.0,3146.0
2021-01-15,10028.0,2395.0,246.0,421.0,633.0,637.0,872.0,2645.0
2021-01-16,7052.0,1749.0,175.0,283.0,537.0,422.0,744.0,1865.0
2021-01-17,4082.0,1298.0,128.0,201.0,274.0,374.0,552.0,1357.0
2021-01-18,6656.0,2194.0,187.0,460.0,553.0,602.0,848.0,2109.0
2021-01-19,9504.0,2648.0,206.0,379.0,611.0,670.0,430.0,2312.0
2021-01-20,8678.0,2423.0,219.0,384.0,522.0,537.0,679.0,2087.0
2021-01-21,7502.0,1855.0,189.0,318.0,418.0,560.0,961.0,2044.0
2021-01-22,6665.0,1775.0,176.0,288.0,404.0,479.0,694.0,1722.0
2021-01-23,4467.0,1240.0,113.0,201.0,341.0,330.0,506.0,1145.0
2021-01-24,3234.0,1061.0,104.0,185.0,186.0,228.0,450.0,900.0
2021-01-25,6415.0,1694.0,188.0,316.0,438.0,554.0,711.0,1642.0
2021-01-26,5965.0,1613.0,150.0,234.0,371.0,442.0,634.0,1739.0
2021-01-27,5288.0,1495.0,132.0,175.0,358.0,358.0,533.0,1368.0
2021-01-28,4809.0,1329.0,144.0,177.0,291.0,360.0,473.0,1196.0
2021-01-29,3915.0,1153.0,137.0,224.0,287.0,363.0,513.0,781.0
2021-01-30,3495.0,942.0,140.0,133.0,215.0,254.0,424.0,802.0
2021-01-31,2399.0,765.0,101.0,142.0,180.0,191.0,313.0,597.0
2021-02-01,4630.0,1313.0,191.0,244.0,312.0,442.0,595.0,1016.0
2021-02-02,3827.0,1225.0,135.0,169.0,332.0,402.0,405.0,939.0
2021-02-03,3385.0,1039.0,154.0,171.0,301.0,290.0,416.0,859.0
2021-02-04,3083.0,902.0,130.0,149.0,221.0,323.0,337.0,741.0
2021-02-05,2799.0,788.0,114.0,135.0,215.0,301.0,332.0,764.0
2021-02-06,2099.0,576.0,90.0,97.0,202.0,180.0,245.0,414.0
2021-02-07,1357.0,496.0,74.0,76.0,113.0,217.0,180.0,369.0
2021-02-08,2756.0,786.0,120.0,140.0,230.0,333.0,311.0,528.0
2021-02-09,2098.0,743.0,94.0,115.0,213.0,286.0,257.0,568.0
2021-02-10,1978.0,658.0,79.0,112.0,242.0,310.0,252.0,494.0
2021-02-11,1747.0,582.0,83.0,91.0,175.0,251.0,228.0,427.0
2021-02-12,1629.0,553.0,84.0,98.0,153.0,243.0,202.0,366.0
2021-02-13,1210.0,388.0,60.0,71.0,154.0,202.0,170.0,278.0
2021-02-14,858.0,332.0,50.0,52.0,114.0,167.0,140.0,229.0
2021-02-15,1347.0,492.0,74.0,92.0,171.0,207.0,169.0,331.0
2021-02-16,1388.0,513.0,73.0,103.0,199.0,327.0,155.0,353.0
2021-02-17,1254.0,465.0,72.0,74.0,165.0,254.0,142.0,304.0
2021-02-18,1057.0,378.0,76.0,68.0,139.0,159.0,122.0,290.0
2021-02-19,954.0,355.0,58.0,78.0,169.0,162.0,132.0,288.0
2021-02-20,750.0,291.0,48.0,64.0,130.0,120.0,79.0,169.0
2021-02-21,569.0,242.0,42.0,34.0,84.0,123.0,95.0,154.0
2021-02-22,1041.0,434.0,64.0,62.0,142.0,210.0,149.0,233.0
2021-02-23,869.0,410.0,60.0,66.0,162.0,167.0,128.0,263.0
2021-02-24,874.0,377.0,48.0,55.0,161.0,157.0,116.0,237.0
2021-02-25,763.0,296.0,46.0,52.0,148.0,154.0,108.0,228.0
2021-02-26,747.0,294.0,43.0,77.0,144.0,158.0,108.0,188.0
2021-02-27,578.0,228.0,30.0,44.0,102.0,123.0,100.0,144.0
2021-02-28,502.0,190.0,34.0,34.0,77.0,83.0,73.0,110.0
2021-03-01,789.0,297.0,42.0,52.0,182.0,184.0,112.0,233.0
2021-03-02,658.0,317.0,44.0,43.0,138.0,145.0,81.0,217.0
2021-03-03,639.0,244.0,40.0,49.0,146.0,167.0,93.0,173.0
2021-03-04,640.0,264.0,32.0,38.0,144.0,161.0,84.0,133.0
2021-03-05,612.0,261.0,35.0,37.0,164.0,135.0,90.0,130.0
2021-03-06,491.0,233.0,40.0,37.0,108.0,96.0,67.0,111.0
2021-03-07,440.0,187.0,31.0,30.0,95.0,88.0,56.0,93.0
2021-03-08,726.0,281.0,34.0,46.0,178.0,177.0,92.0,149.0
2021-03-09,620.0,241.0,26.0,32.0,98.0,170.0,73.0,152.0
2021-03-10,597.0,232.0,31.0,41.0,119.0,167.0,63.0,135.0
2021-03-11,545.0,222.0,35.0,27.0,107.0,130.0,77.0,141.0
2021-03-12,531.0,165.0,36.0,28.0,116.0,141.0,50.0,170.0
2021-03-13,395.0,163.0,21.0,23.0,97.0,124.0,46.0,99.0
2021-03-14,318.0,155.0,17.0,25.0,59.0,86.0,52.0,92.0
2021-03-15,575.0,235.0,39.0,44.0,108.0,178.0,48.0,158.0
2021-03-16,571.0,249.0,35.0,23.0,127.0,153.0,56.0,152.0
2021-03-17,533.0,232.0,29.0,32.0,138.0,143.0,66.0,114.0
2021-03-18,454.0,211.0,35.0,22.0,111.0,128.0,56.0,115.0
2021-03-19,433.0,153.0,39.0,41.0,97.0,148.0,60.0,81.0
2021-03-20,340.0,135.0,45.0,30.0,84.0,103.0,33.0,83.0
2021-03-21,299.0,171.0,23.0,25.0,60.0,111.0,35.0,75.0
2021-03-22,536.0,260.0,47.0,39.0,114.0,194.0,63.0,107.0
2021-03-23,517.0,212.0,42.0,45.0,98.0,178.0,46.0,100.0
2021-03-24,520.0,245.0,58.0,38.0,114.0,192.0,61.0,100.0
2021-03-25,486.0,214.0,28.0,28.0,90.0,175.0,52.0,84.0
2021-03-26,436.0,228.0,40.0,27.0,118.0,145.0,41.0,97.0
2021-03-27,336.0,178.0,26.0,30.0,62.0,100.0,34.0,78.0
2021-03-28,314.0,171.0,23.0,23.0,53.0,90.0,27.0,62.0
2021-03-29,553.0,276.0,46.0,42.0,82.0,174.0,51.0,114.0
2021-03-30,496.0,266.0,35.0,34.0,83.0,194.0,42.0,103.0
2021-03-31,496.0,239.0,50.0,25.0,65.0,137.0,44.0,125.0
2021-04-01,470.0,232.0,45.0,32.0,93.0,175.0,32.0,102.0
2021-04-02,494.0,223.0,21.0,47.0,53.0,144.0,24.0,105.0
2021-04-03,311.0,187.0,35.0,28.0,54.0,107.0,27.0,86.0
2021-04-04,307.0,169.0,19.0,26.0,57.0,108.0,21.0,78.0
2021-04-05,544.0,312.0,54.0,36.0,74.0,199.0,43.0,126.0
2021-04-06,535.0,249.0,31.0,35.0,88.0,162.0,31.0,137.0
2021-04-07,511.0,262.0,43.0,18.0,64.0,208.0,37.0,181.0
2021-04-08,441.0,226.0,40.0,26.0,65.0,168.0,34.0,120.0
2021-04-09,499.0,230.0,23.0,24.0,63.0,140.0,37.0,114.0
2021-04-10,369.0,198.0,41.0,23.0,34.0,155.0,28.0,83.0
2021-04-11,275.0,216.0,30.0,28.0,33.0,103.0,28.0,80.0
2021-04-12,512.0,298.0,36.0,35.0,68.0,170.0,48.0,134.0
2021-04-13,504.0,261.0,34.0,32.0,61.0,174.0,33.0,111.0
2021-04-14,454.0,254.0,36.0,23.0,81.0,175.0,32.0,119.0
2021-04-15,399.0,211.0,38.0,29.0,57.0,175.0,36.0,110.0
2021-04-16,405.0,247.0,19.0,18.0,62.0,130.0,19.0,104.0
2021-04-17,301.0,154.0,25.0,18.0,50.0,97.0,25.0,77.0
2021-04-18,259.0,147.0,22.0,31.0,33.0,110.0,21.0,69.0
2021-04-19,460.0,279.0,37.0,35.0,58.0,175.0,31.0,90.0
2021-04-20,380.0,248.0,37.0,14.0,68.0,136.0,26.0,95.0
2021-04-21,348.0,231.0,19.0,19.0,58.0,138.0,28.0,97.0
2021-04-22,342.0,209.0,20.0,19.0,56.0,129.0,32.0,94.0
2021-04-23,322.0,166.0,23.0,23.0,45.0,149.0,26.0,99.0
2021-04-24,270.0,139.0,16.0,10.0,41.0,87.0,19.0,59.0
2021-04-25,232.0,103.0,29.0,15.0,31.0,83.0,13.0,68.0
2021-04-26,336.0,213.0,31.0,26.0,59.0,168.0,24.0,94.0
2021-04-27,329.0,175.0,28.0,31.0,55.0,172.0,25.0,62.0
2021-04-28,323.0,157.0,28.0,24.0,65.0,129.0,29.0,76.0
2021-04-29,302.0,154.0,30.0,14.0,47.0,122.0,35.0,56.0
2021-04-30,278.0,151.0,25.0,16.0,54.0,133.0,34.0,68.0
2021-05-01,212.0,96.0,11.0,13.0,46.0,101.0,40.0,58.0
2021-05-02,170.0,124.0,15.0,5.0,45.0,81.0,18.0,39.0
2021-05-03,352.0,196.0,26.0,14.0,72.0,140.0,38.0,100.0
2021-05-04,268.0,163.0,26.0,12.0,56.0,153.0,22.0,74.0
2021-05-05,290.0,167.0,18.0,15.0,55.0,129.0,29.0,84.0
2021-05-06,267.0,137.0,14.0,15.0,49.0,88.0,28.0,95.0
2021-05-07,242.0,127.0,15.0,13.0,44.0,116.0,31.0,73.0
2021-05-08,180.0,86.0,13.0,10.0,33.0,72.0,24.0,58.0
2021-05-09,154.0,83.0,23.0,13.0,36.0,85.0,11.0,43.0
2021-05-10,258.0,167.0,26.0,13.0,38.0,149.0,15.0,80.0
2021-05-11,267.0,164.0,19.0,8.0,32.0,113.0,16.0,69.0
2021-05-12,237.0,135.0,20.0,10.0,46.0,99.0,24.0,62.0
2021-05-13,184.0,104.0,20.0,8.0,49.0,95.0,19.0,70.0
2021-05-14,189.0,114.0,24.0,12.0,29.0,86.0,30.0,66.0
2021-05-15,135.0,73.0,9.0,10.0,29.0,89.0,14.0,50.0
2021-05-16,123.0,71.0,16.0,8.0,37.0,72.0,11.0,42.0
2021-05-17,225.0,118.0,23.0,7.0,44.0,114.0,31.0,76.0
2021-05-18,181.0,132.0,12.0,7.0,44.0,108.0,20.0,69.0
2021-05-19,180.0,108.0,20.0,9.0,36.0,102.0,16.0,55.0
2021-05-20,197.0,85.0,13.0,8.0,30.0,78.0,15.0,46.0
2021-05-21,156.0,88.0,9.0,4.0,22.0,96.0,11.0,48.0
2021-05-22,118.0,73.0,5.0,5.0,28.0,67.0,8.0,27.0
2021-05-23,109.0,59.0,10.0,4.0,14.0,75.0,4.0,32.0
2021-05-24,189.0,90.0,11.0,7.0,45.0,116.0,30.0,68.0
2021-05-25,172.0,108.0,20.0,5.0,42.0,115.0,13.0,57.0
2021-05-26,187.0,82.0,23.0,3.0,21.0,81.0,18.0,39.0
2021-05-27,168.0,75.0,12.0,9.0,33.0,86.0,23.0,46.0
2021-05-28,170.0,74.0,6.0,5.0,16.0,75.0,13.0,36.0
2021-05-29,111.0,63.0,6.0,1.0,15.0,56.0,11.0,22.0
2021-05-30,123.0,59.0,9.0,4.0,12.0,30.0,8.0,20.0
2021-05-31,115.0,56.0,19.0,4.0,17.0,46.0,4.0,21.0
2021-06-01,244.0,104.0,15.0,13.0,37.0,97.0,15.0,57.0
2021-06-02,237.0,104.0,16.0,4.0,24.0,72.0,16.0,53.0
2021-06-03,204.0,80.0,20.0,7.0,24.0,65.0,25.0,58.0
2021-06-04,171.0,64.0,6.0,3.0,17.0,79.0,12.0,55.0
2021-06-05,121.0,43.0,5.0,6.0,16.0,54.0,7.0,26.0
2021-06-06,129.0,41.0,9.0,3.0,9.0,52.0,9.0,35.0
2021-06-07,199.0,80.0,13.0,4.0,33.0,86.0,11.0,39.0
2021-06-08,224.0,82.0,16.0,6.0,31.0,76.0,17.0,43.0
2021-06-09,198.0,63.0,15.0,4.0,25.0,62.0,16.0,36.0
2021-06-10,188.0,64.0,13.0,11.0,20.0,63.0,10.0,46.0
2021-06-11,165.0,58.0,10.0,4.0,26.0,62.0,11.0,42.0
2021-06-12,150.0,40.0,5.0,3.0,19.0,60.0,10.0,38.0
2021-06-13,141.0,57.0,10.0,5.0,10.0,59.0,12.0,42.0
2021-06-14,267.0,79.0,12.0,11.0,30.0,76.0,14.0,67.0
2021-06-15,242.0,106.0,13.0,3.0,22.0,54.0,10.0,54.0
2021-06-16,225.0,84.0,9.0,5.0,32.0,75.0,11.0,60.0
2021-06-17,223.0,79.0,13.0,6.0,31.0,70.0,14.0,61.0
2021-06-18,215.0,76.0,11.0,6.0,26.0,64.0,9.0,54.0
2021-06-19,166.0,76.0,9.0,10.0,16.0,48.0,10.0,48.0
2021-06-20,203.0,60.0,13.0,2.0,13.0,46.0,13.0,46.0
2021-06-21,305.0,106.0,23.0,9.0,41.0,111.0,16.0,79.0
2021-06-22,295.0,105.0,16.0,5.0,20.0,111.0,28.0,76.0
2021-06-23,316.0,104.0,14.0,11.0,19.0,101.0,14.0,61.0
2021-06-24,337.0,100.0,24.0,10.0,29.0,92.0,23.0,83.0
2021-06-25,324.0,104.0,22.0,6.0,20.0,88.0,28.0,80.0
2021-06-26,283.0,60.0,23.0,9.0,18.0,72.0,29.0,68.0
2021-06-27,305.0,85.0,32.0,9.0,20.0,71.0,24.0,58.0
2021-06-28,552.0,140.0,37.0,14.0,29.0,135.0,34.0,102.0
2021-06-29,519.0,164.0,36.0,7.0,31.0,132.0,57.0,126.0
2021-06-30,615.0,156.0,38.0,10.0,33.0,153.0,38.0,99.0
2021-07-01,674.0,136.0,49.0,16.0,37.0,139.0,43.0,114.0
2021-07-02,604.0,178.0,36.0,13.0,39.0,126.0,31.0,109.0
2021-07-03,474.0,145.0,48.0,10.0,28.0,78.0,43.0,98.0
2021-07-04,429.0,131.0,41.0,9.0,24.0,74.0,30.0,92.0
2021-07-05,861.0,225.0,59.0,23.0,46.0,170.0,58.0,160.0
2021-07-06,1196.0,363.0,87.0,20.0,59.0,182.0,51.0,191.0
2021-07-07,1217.0,358.0,115.0,19.0,52.0,211.0,40.0,202.0
2021-07-08,1180.0,320.0,92.0,26.0,50.0,190.0,44.0,214.0
2021-07-09,1213.0,327.0,80.0,27.0,62.0,222.0,64.0,201.0
2021-07-10,1004.0,289.0,80.0,21.0,56.0,154.0,55.0,186.0
2021-07-11,1027.0,290.0,83.0,27.0,33.0,149.0,45.0,190.0
2021-07-12,1757.0,414.0,130.0,47.0,95.0,279.0,73.0,264.0
2021-07-13,1797.0,469.0,146.0,43.0,94.0,215.0,101.0,308.0
2021-07-14,1851.0,548.0,144.0,50.0,75.0,310.0,85.0,323.0
2021-07-15,2016.0,572.0,139.0,42.0,80.0,328.0,94.0,324.0
2021-07-16,1985.0,638.0,152.0,56.0,97.0,304.0,76.0,321.0
2021-07-17,1502.0,442.0,117.0,38.0,52.0,217.0,65.0,276.0
2021-07-18,1535.0,407.0,121.0,41.0,73.0,235.0,69.0,306.0
2021-07-19,2686.0,816.0,236.0,65.0,154.0,431.0,114.0,492.0
2021-07-20,2603.0,900.0,273.0,72.0,130.0,364.0,96.0,490.0
2021-07-21,2796.0,926.0,258.0,70.0,135.0,440.0,153.0,535.0
2021-07-22,2512.0,849.0,225.0,59.0,148.0,422.0,122.0,513.0
2021-07-23,2434.0,730.0,213.0,66.0,129.0,438.0,134.0,508.0
2021-07-24,1941.0,608.0,186.0,65.0,132.0,354.0,162.0,465.0
2021-07-25,1776.0,466.0,174.0,59.0,118.0,314.0,127.0,468.0
2021-07-26,3420.0,1062.0,350.0,80.0,241.0,550.0,214.0,764.0
2021-07-27,3346.0,1108.0,361.0,73.0,204.0,599.0,173.0,692.0
2021-07-28,3466.0,1089.0,356.0,95.0,293.0,603.0,208.0,729.0
2021-07-29,3175.0,1274.0,304.0,75.0,249.0,652.0,196.0,767.0
2021-07-30,3096.0,1057.0,248.0,86.0,264.0,555.0,166.0,705.0
2021-07-31,2332.0,774.0,213.0,69.0,194.0,452.0,164.0,637.0
2021-08-01,2203.0,673.0,228.0,81.0,159.0,412.0,161.0,616.0
2021-08-02,3690.0,1186.0,338.0,124.0,326.0,735.0,230.0,933.0
2021-08-03,3722.0,1480.0,286.0,138.0,346.0,697.0,185.0,938.0
2021-08-04,3743.0,1439.0,282.0,119.0,362.0,745.0,244.0,924.0
2021-08-05,3494.0,1513.0,255.0,129.0,368.0,757.0,258.0,925.0
2021-08-06,3220.0,1272.0,211.0,107.0,371.0,709.0,251.0,917.0
2021-08-07,2491.0,1039.0,157.0,89.0,265.0,492.0,171.0,710.0
2021-08-08,2037.0,755.0,171.0,96.0,203.0,501.0,180.0,672.0
2021-08-09,4252.0,1341.0,260.0,177.0,443.0,828.0,291.0,1121.0
2021-08-10,4014.0,1660.0,246.0,184.0,494.0,835.0,272.0,1076.0
2021-08-11,3756.0,1642.0,254.0,165.0,456.0,853.0,290.0,1115.0
2021-08-12,3328.0,1470.0,225.0,163.0,454.0,793.0,252.0,993.0
2021-08-13,3191.0,1370.0,207.0,137.0,422.0,771.0,237.0,1009.0
2021-08-14,2323.0,1046.0,136.0,85.0,292.0,470.0,158.0,739.0
2021-08-15,1769.0,671.0,129.0,94.0,162.0,494.0,156.0,716.0
2021-08-16,3537.0,1472.0,224.0,172.0,479.0,816.0,305.0,1138.0
2021-08-17,3381.0,1598.0,204.0,171.0,498.0,811.0,245.0,1091.0
2021-08-18,3566.0,1610.0,200.0,159.0,484.0,794.0,238.0,1012.0
2021-08-19,3153.0,1340.0,202.0,131.0,455.0,762.0,232.0,998.0
2021-08-20,2985.0,1251.0,163.0,145.0,439.0,704.0,203.0,1028.0
2021-08-21,1878.0,909.0,97.0,85.0,357.0,476.0,168.0,696.0
2021-08-22,1298.0,656.0,102.0,82.0,200.0,495.0,145.0,580.0
2021-08-23,3321.0,1322.0,166.0,181.0,599.0,775.0,209.0,1021.0
2021-08-24,2970.0,1433.0,155.0,179.0,562.0,788.0,218.0,913.0
2021-08-25,2866.0,1443.0,175.0,131.0,606.0,684.0,184.0,873.0
2021-08-26,2599.0,1268.0,149.0,129.0,541.0,680.0,184.0,844.0
2021-08-27,2276.0,1027.0,127.0,85.0,501.0,534.0,186.0,791.0
2021-08-28,1527.0,781.0,76.0,92.0,434.0,435.0,129.0,518.0
2021-08-29,1212.0,584.0,72.0,71.0,241.0,391.0,118.0,588.0
2021-08-30,2749.0,1106.0,135.0,166.0,597.0,753.0,258.0,857.0
2021-08-31,2461.0,1271.0,139.0,152.0,572.0,658.0,216.0,896.0
2021-09-01,2591.0,1253.0,151.0,151.0,575.0,684.0,219.0,974.0
2021-09-02,2264.0,1022.0,108.0,118.0,491.0,608.0,215.0,816.0
2021-09-03,1856.0,958.0,108.0,90.0,488.0,581.0,183.0,715.0
2021-09-04,1331.0,620.0,76.0,67.0,336.0,364.0,134.0,532.0
2021-09-05,954.0,435.0,75.0,66.0,196.0,293.0,135.0,470.0
2021-09-06,1295.0,552.0,78.0,67.0,299.0,437.0,136.0,455.0
2021-09-07,2375.0,999.0,135.0,131.0,572.0,635.0,177.0,816.0
2021-09-08,2230.0,998.0,140.0,126.0,558.0,538.0,211.0,787.0
2021-09-09,2068.0,917.0,138.0,112.0,498.0,479.0,152.0,759.0
2021-09-10,1867.0,714.0,114.0,106.0,476.0,480.0,145.0,639.0
2021-09-11,1203.0,547.0,79.0,53.0,323.0,343.0,97.0,473.0
2021-09-12,971.0,484.0,55.0,73.0,179.0,301.0,82.0,438.0
2021-09-13,2057.0,810.0,111.0,112.0,517.0,506.0,127.0,684.0
2021-09-14,1864.0,787.0,129.0,119.0,467.0,487.0,162.0,645.0
2021-09-15,1837.0,660.0,134.0,96.0,475.0,385.0,185.0,641.0
2021-09-16,1501.0,619.0,111.0,103.0,379.0,426.0,143.0,583.0
2021-09-17,1393.0,614.0,86.0,66.0,357.0,356.0,140.0,530.0
2021-09-18,979.0,424.0,52.0,63.0,219.0,199.0,112.0,400.0
2021-09-19,760.0,391.0,63.0,65.0,142.0,182.0,68.0,384.0
2021-09-20,1979.0,703.0,107.0,106.0,405.0,360.0,162.0,593.0
2021-09-21,1524.0,672.0,107.0,99.0,413.0,373.0,113.0,500.0
2021-09-22,1455.0,606.0,97.0,69.0,351.0,381.0,105.0,560.0
2021-09-23,1323.0,451.0,85.0,63.0,256.0,305.0,105.0,535.0
2021-09-24,1195.0,456.0,73.0,78.0,297.0,323.0,104.0,453.0
2021-09-25,887.0,351.0,64.0,40.0,198.0,185.0,78.0,334.0
2021-09-26,710.0,345.0,44.0,58.0,145.0,175.0,67.0,323.0
2021-09-27,1490.0,622.0,126.0,86.0,357.0,406.0,114.0,532.0
2021-09-28,1337.0,652.0,84.0,67.0,320.0,317.0,125.0,442.0
2021-09-29,1289.0,547.0,101.0,73.0,345.0,290.0,126.0,459.0
2021-09-30,1219.0,487.0,84.0,72.0,300.0,251.0,90.0,434.0
2021-10-01,1208.0,481.0,77.0,57.0,276.0,261.0,105.0,434.0
2021-10-02,764.0,360.0,41.0,36.0,188.0,152.0,67.0,293.0
2021-10-03,611.0,317.0,49.0,40.0,171.0,173.0,72.0,241.0
2021-10-04,1262.0,580.0,87.0,96.0,381.0,288.0,105.0,431.0
2021-10-05,1119.0,566.0,95.0,85.0,310.0,323.0,92.0,380.0
2021-10-06,1142.0,575.0,97.0,78.0,340.0,275.0,106.0,360.0
2021-10-07,956.0,492.0,63.0,83.0,290.0,253.0,91.0,356.0
2021-10-08,956.0,395.0,71.0,68.0,274.0,282.0,73.0,332.0
2021-10-09,660.0,326.0,47.0,35.0,196.0,165.0,51.0,269.0
2021-10-10,588.0,306.0,48.0,27.0,132.0,210.0,54.0,252.0
2021-10-11,1189.0,516.0,47.0,47.0,330.0,266.0,89.0,374.0
2021-10-12,1047.0,512.0,71.0,47.0,330.0,289.0,97.0,345.0
2021-10-13,1060.0,513.0,64.0,61.0,361.0,305.0,101.0,326.0
2021-10-14,1052.0,431.0,43.0,52.0,334.0,249.0,74.0,330.0
2021-10-15,992.0,440.0,56.0,56.0,295.0,251.0,68.0,397.0
2021-10-16,693.0,360.0,40.0,38.0,253.0,187.0,42.0,242.0
2021-10-17,655.0,316.0,47.0,36.0,154.0,199.0,32.0,270.0
2021-10-18,1340.0,591.0,72.0,63.0,467.0,400.0,100.0,484.0
2021-10-19,1245.0,556.0,63.0,59.0,402.0,305.0,95.0,415.0
2021-10-20,1247.0,581.0,63.0,67.0,364.0,306.0,76.0,422.0
2021-10-21,1118.0,509.0,49.0,63.0,402.0,299.0,82.0,444.0
2021-10-22,1119.0,512.0,55.0,66.0,350.0,319.0,91.0,445.0
2021-10-23,763.0,398.0,36.0,41.0,215.0,187.0,53.0,311.0
2021-10-24,682.0,341.0,36.0,31.0,178.0,129.0,61.0,321.0
2021-10-25,1435.0,583.0,63.0,67.0,437.0,341.0,107.0,474.0
2021-10-26,1355.0,569.0,73.0,59.0,434.0,304.0,91.0,427.0
2021-10-27,1342.0,517.0,74.0,46.0,449.0,301.0,109.0,490.0
2021-10-28,1228.0,557.0,51.0,53.0,382.0,268.0,92.0,430.0
2021-10-29,1138.0,456.0,46.0,39.0,333.0,266.0,85.0,438.0
2021-10-30,841.0,372.0,60.0,40.0,214.0,189.0,55.0,334.0
2021-10-31,722.0,363.0,29.0,35.0,146.0,158.0,49.0,302.0
2021-11-01,1551.0,553.0,109.0,70.0,404.0,352.0,122.0,579.0
2021-11-02,1383.0,565.0,85.0,67.0,376.0,272.0,90.0,502.0
2021-11-03,1447.0,585.0,119.0,56.0,324.0,256.0,105.0,454.0
2021-11-04,1354.0,500.0,92.0,57.0,362.0,224.0,108.0,458.0
2021-11-05,1319.0,469.0,81.0,56.0,282.0,234.0,88.0,398.0
2021-11-06,822.0,353.0,51.0,45.0,178.0,122.0,40.0,341.0
2021-11-07,771.0,336.0,53.0,36.0,118.0,93.0,67.0,318.0
2021-11-08,1494.0,581.0,84.0,63.0,342.0,232.0,91.0,537.0
2021-11-09,1345.0,562.0,53.0,54.0,301.0,216.0,93.0,455.0
2021-11-10,1262.0,495.0,74.0,67.0,246.0,242.0,78.0,466.0
2021-11-11,950.0,404.0,61.0,38.0,178.0,155.0,71.0,381.0
2021-11-12,1095.0,509.0,59.0,57.0,205.0,212.0,78.0,434.0
2021-11-13,727.0,367.0,34.0,55.0,143.0,159.0,65.0,267.0
2021-11-14,656.0,330.0,32.0,33.0,107.0,137.0,58.0,306.0
2021-11-15,1368.0,597.0,76.0,79.0,282.0,237.0,115.0,498.0
2021-11-16,1190.0,537.0,67.0,56.0,222.0,220.0,84.0,446.0
2021-11-17,1174.0,555.0,73.0,68.0,186.0,180.0,75.0,422.0
2021-11-18,1100.0,491.0,55.0,39.0,182.0,170.0,62.0,411.0
2021-11-19,991.0,498.0,52.0,46.0,140.0,228.0,77.0,373.0
2021-11-20,690.0,391.0,38.0,37.0,117.0,125.0,65.0,274.0
2021-11-21,620.0,326.0,39.0,32.0,69.0,104.0,49.0,273.0
2021-11-22,1068.0,531.0,69.0,60.0,172.0,217.0,91.0,492.0
2021-11-23,1064.0,495.0,92.0,76.0,133.0,192.0,66.0,437.0
2021-11-24,1009.0,484.0,59.0,53.0,138.0,187.0,83.0,383.0
2021-11-25,485.0,258.0,31.0,27.0,54.0,71.0,35.0,179.0
2021-11-26,970.0,442.0,50.0,39.0,134.0,179.0,66.0,415.0
2021-11-27,848.0,545.0,47.0,47.0,132.0,113.0,80.0,401.0
2021-11-28,1006.0,495.0,50.0,54.0,112.0,158.0,73.0,358.0
2021-11-29,2171.0,889.0,76.0,79.0,246.0,357.0,156.0,661.0
2021-11-30,1846.0,888.0,99.0,97.0,206.0,248.0,120.0,538.0
2021-12-01,1803.0,928.0,106.0,96.0,200.0,281.0,154.0,686.0
2021-12-02,1591.0,797.0,82.0,70.0,207.0,213.0,106.0,525.0
2021-12-03,1523.0,641.0,95.0,81.0,169.0,227.0,125.0,526.0
2021-12-04,945.0,476.0,70.0,36.0,114.0,180.0,86.0,393.0
2021-12-05,876.0,480.0,68.0,45.0,89.0,144.0,91.0,359.0
2021-12-06,1848.0,795.0,101.0,83.0,174.0,305.0,136.0,657.0
2021-12-07,1663.0,846.0,108.0,93.0,198.0,276.0,102.0,525.0
2021-12-08,1779.0,843.0,111.0,72.0,148.0,247.0,97.0,533.0
2021-12-09,1548.0,649.0,87.0,55.0,161.0,255.0,129.0,513.0
2021-12-10,1540.0,647.0,85.0,80.0,147.0,221.0,145.0,550.0
2021-12-11,1087.0,480.0,85.0,36.0,88.0,153.0,104.0,407.0
2021-12-12,1214.0,423.0,153.0,35.0,87.0,131.0,75.0,420.0
2021-12-13,2912.0,895.0,256.0,75.0,162.0,267.0,193.0,676.0
2021-12-14,2783.0,805.0,270.0,88.0,151.0,278.0,225.0,583.0
2021-12-15,3663.0,1139.0,316.0,102.0,170.0,310.0,225.0,690.0
2021-12-16,3895.0,1195.0,318.0,81.0,127.0,308.0,215.0,721.0
2021-12-17,4215.0,1169.0,376.0,121.0,159.0,283.0,268.0,807.0
2021-12-18,3940.0,929.0,327.0,77.0,103.0,233.0,250.0,652.0
2021-12-19,4090.0,965.0,495.0,96.0,103.0,235.0,285.0,698.0
2021-12-20,8993.0,2480.0,878.0,223.0,241.0,494.0,580.0,1444.0
2021-12-21,11476.0,3214.0,1060.0,211.0,243.0,570.0,508.0,1450.0
2021-12-22,13901.0,3730.0,960.0,228.0,286.0,650.0,619.0,1725.0
2021-12-23,13547.0,4118.0,987.0,257.0,280.0,659.0,606.0,1832.0
2021-12-24,9541.0,1852.0,729.0,199.0,205.0,456.0,536.0,1217.0
2021-12-25,4868.0,1124.0,509.0,205.0,166.0,316.0,447.0,997.0
2021-12-26,12814.0,4059.0,1030.0,364.0,313.0,816.0,1173.0,2282.0
2021-12-27,29854.0,8992.0,1582.0,676.0,702.0,1725.0,1837.0,4188.0
2021-12-28,36331.0,10208.0,1742.0,786.0,957.0,2026.0,2087.0,4587.0
2021-12-29,32237.0,10691.0,1622.0,645.0,1080.0,2283.0,2110.0,5241.0
2021-12-30,29989.0,10831.0,1699.0,841.0,1126.0,2328.0,1942.0,5422.0
2021-12-31,23312.0,5143.0,1089.0,478.0,529.0,1257.0,1259.0,3271.0
2022-01-01,10773.0,3218.0,925.0,399.0,305.0,865.0,974.0,1688.0
2022-01-02,20124.0,5945.0,1404.0,740.0,663.0,1274.0,1387.0,3493.0
2022-01-03,51167.0,15019.0,2943.0,1434.0,1721.0,4084.0,2924.0,8340.0
2022-01-04,60798.0,16096.0,2810.0,1461.0,1979.0,5159.0,3173.0,8473.0
2022-01-05,59945.0,16341.0,2854.0,1524.0,2155.0,4979.0,3067.0,8530.0
2022-01-06,56296.0,13587.0,2582.0,1305.0,2009.0,4774.0,2752.0,7457.0
2022-01-07,54150.0,11638.0,2322.0,1168.0,2124.0,4055.0,2696.0,7473.0
2022-01-08,31175.0,7117.0,1440.0,696.0,1360.0,2270.0,1629.0,3829.0
2022-01-09,18392.0,4906.0,1199.0,695.0,885.0,1434.0,1170.0,3515.0
2022-01-10,48022.0,13120.0,1865.0,1684.0,2580.0,4794.0,3053.0,8983.0
2022-01-11,45528.0,12692.0,1793.0,1261.0,3041.0,4504.0,2608.0,8253.0
2022-01-12,42445.0,12007.0,2205.0,1305.0,3044.0,4181.0,2231.0,7728.0
2022-01-13,39734.0,10503.0,1835.0,1143.0,2731.0,3578.0,1911.0,7222.0
2022-01-14,36467.0,8516.0,1736.0,997.0,2805.0,3100.0,1783.0,6297.0
2022-01-15,19324.0,5651.0,1172.0,519.0,1655.0,1948.0,1106.0,3525.0
2022-01-16,11526.0,3789.0,996.0,596.0,929.0,1156.0,775.0,2682.0
2022-01-17,23174.0,7588.0,1517.0,1028.0,2711.0,2957.0,1575.0,5503.0
2022-01-18,39193.0,12220.0,1629.0,1322.0,3706.0,4083.0,2116.0,6812.0
2022-01-19,33412.0,10201.0,1465.0,1218.0,3505.0,3086.0,1714.0,5977.0
2022-01-20,28382.0,8775.0,1372.0,997.0,2901.0,2889.0,1516.0,5524.0
2022-01-21,24729.0,7100.0,1149.0,898.0,2600.0,2292.0,1385.0,4571.0
2022-01-22,11301.0,4168.0,759.0,502.0,1244.0,1445.0,809.0,2656.0
2022-01-23,7398.0,2489.0,656.0,422.0,818.0,1053.0,691.0,1916.0
2022-01-24,20308.0,6609.0,1066.0,1123.0,2466.0,2641.0,1182.0,4441.0
2022-01-25,16523.0,5658.0,958.0,811.0,2303.0,2366.0,1023.0,3729.0
2022-01-26,14937.0,4995.0,761.0,668.0,2142.0,1938.0,854.0,3092.0
2022-01-27,12202.0,4221.0,636.0,529.0,1852.0,1693.0,712.0,2525.0
2022-01-28,11146.0,3345.0,507.0,479.0,1629.0,1283.0,651.0,2174.0
2022-01-29,5725.0,1824.0,355.0,249.0,869.0,781.0,455.0,1323.0
2022-01-30,3903.0,1336.0,275.0,222.0,456.0,645.0,330.0,1022.0
2022-01-31,10077.0,3539.0,548.0,677.0,1560.0,1459.0,580.0,2065.0
2022-02-01,8235.0,2906.0,408.0,508.0,1486.0,1294.0,536.0,1816.0
2022-02-02,7190.0,2521.0,466.0,445.0,1164.0,1051.0,505.0,1389.0
2022-02-03,6226.0,2202.0,368.0,343.0,1010.0,1004.0,399.0,1277.0
2022-02-04,5429.0,1971.0,336.0,358.0,930.0,956.0,385.0,1198.0
2022-02-05,2636.0,1133.0,241.0,150.0,482.0,503.0,269.0,712.0
2022-02-06,2184.0,860.0,209.0,163.0,345.0,392.0,226.0,604.0
2022-02-07,5542.0,2062.0,383.0,318.0,847.0,869.0,376.0,1141.0
2022-02-08,4462.0,1720.0,339.0,188.0,852.0,682.0,318.0,944.0
2022-02-09,4340.0,1573.0,312.0,168.0,746.0,670.0,237.0,830.0
2022-02-10,3680.0,1357.0,249.0,182.0,614.0,566.0,237.0,743.0
2022-02-11,3154.0,1106.0,213.0,184.0,581.0,482.0,281.0,725.0
2022-02-12,1628.0,703.0,121.0,84.0,295.0,264.0,139.0,419.0
2022-02-13,1161.0,500.0,122.0,86.0,213.0,236.0,108.0,362.0
2022-02-14,3173.0,1139.0,252.0,164.0,540.0,510.0,194.0,591.0
2022-02-15,2583.0,968.0,191.0,146.0,480.0,441.0,177.0,547.0
2022-02-16,2257.0,962.0,171.0,135.0,376.0,387.0,174.0,487.0
2022-02-17,2095.0,760.0,173.0,76.0,360.0,325.0,137.0,399.0
2022-02-18,1840.0,596.0,134.0,100.0,294.0,285.0,140.0,376.0
2022-02-19,985.0,424.0,88.0,40.0,188.0,192.0,90.0,180.0
2022-02-20,792.0,345.0,86.0,67.0,116.0,143.0,75.0,183.0
2022-02-21,1324.0,571.0,140.0,45.0,191.0,180.0,96.0,267.0
2022-02-22,1779.0,617.0,181.0,76.0,313.0,255.0,139.0,367.0
2022-02-23,1465.0,525.0,129.0,61.0,227.0,190.0,85.0,256.0
2022-02-24,1370.0,504.0,127.0,61.0,189.0,159.0,88.0,292.0
2022-02-25,1161.0,413.0,122.0,65.0,196.0,173.0,79.0,252.0
2022-02-26,588.0,283.0,80.0,37.0,98.0,102.0,51.0,155.0
2022-02-27,574.0,223.0,70.0,31.0,90.0,96.0,32.0,121.0
2022-02-28,1309.0,473.0,123.0,38.0,198.0,187.0,75.0,241.0
2022-03-01,1174.0,388.0,160.0,43.0,201.0,139.0,84.0,196.0
2022-03-02,952.0,426.0,103.0,38.0,140.0,131.0,70.0,166.0
2022-03-03,881.0,361.0,95.0,25.0,132.0,118.0,53.0,150.0
2022-03-04,727.0,343.0,74.0,19.0,127.0,109.0,53.0,133.0
2022-03-05,528.0,239.0,65.0,23.0,63.0,73.0,47.0,87.0
2022-03-06,359.0,190.0,69.0,15.0,52.0,64.0,41.0,91.0
2022-03-07,932.0,395.0,133.0,40.0,143.0,135.0,69.0,162.0
2022-03-08,809.0,342.0,112.0,38.0,90.0,101.0,52.0,130.0
2022-03-09,692.0,344.0,89.0,32.0,98.0,94.0,64.0,109.0
2022-03-10,647.0,271.0,90.0,15.0,98.0,85.0,50.0,96.0
2022-03-11,555.0,258.0,68.0,32.0,74.0,77.0,41.0,115.0
2022-03-12,322.0,166.0,51.0,20.0,56.0,68.0,36.0,78.0
2022-03-13,330.0,122.0,65.0,19.0,22.0,40.0,25.0,65.0
2022-03-14,724.0,341.0,121.0,40.0,80.0,98.0,58.0,133.0
2022-03-15,632.0,303.0,91.0,37.0,74.0,81.0,53.0,135.0
2022-03-16,684.0,243.0,117.0,25.0,43.0,86.0,45.0,100.0
2022-03-17,628.0,205.0,100.0,33.0,47.0,65.0,41.0,97.0
2022-03-18,663.0,176.0,81.0,16.0,49.0,66.0,49.0,80.0
2022-03-19,349.0,108.0,79.0,10.0,32.0,36.0,20.0,60.0
2022-03-20,372.0,100.0,70.0,14.0,23.0,41.0,31.0,51.0
2022-03-21,795.0,236.0,149.0,25.0,77.0,78.0,50.0,97.0
2022-03-22,867.0,225.0,168.0,15.0,49.0,90.0,70.0,81.0
2022-03-23,662.0,200.0,107.0,17.0,49.0,76.0,49.0,75.0
2022-03-24,680.0,194.0,113.0,17.0,36.0,63.0,48.0,73.0
2022-03-25,569.0,209.0,82.0,15.0,41.0,69.0,43.0,76.0
2022-03-26,419.0,123.0,81.0,15.0,28.0,42.0,38.0,60.0
2022-03-27,456.0,124.0,106.0,20.0,23.0,33.0,41.0,70.0
2022-03-28,809.0,256.0,186.0,36.0,47.0,81.0,45.0,86.0
2022-03-29,880.0,239.0,140.0,28.0,28.0,69.0,39.0,100.0
2022-03-30,828.0,244.0,151.0,23.0,28.0,66.0,55.0,100.0
2022-03-31,825.0,232.0,105.0,22.0,11.0,68.0,41.0,83.0
2022-04-01,743.0,236.0,157.0,29.0,35.0,73.0,40.0,110.0
2022-04-02,497.0,147.0,111.0,20.0,26.0,39.0,31.0,66.0
2022-04-03,511.0,124.0,104.0,19.0,28.0,39.0,40.0,74.0
2022-04-04,1193.0,330.0,231.0,45.0,33.0,76.0,53.0,157.0
2022-04-05,1103.0,319.0,198.0,45.0,18.0,91.0,40.0,92.0
2022-04-06,1059.0,308.0,204.0,36.0,36.0,79.0,56.0,121.0
2022-04-07,1049.0,295.0,159.0,40.0,35.0,78.0,54.0,97.0
2022-04-08,918.0,268.0,157.0,44.0,26.0,66.0,29.0,102.0
2022-04-09,629.0,170.0,96.0,21.0,20.0,46.0,29.0,76.0
2022-04-10,678.0,148.0,124.0,33.0,21.0,47.0,37.0,91.0
2022-04-11,1328.0,326.0,239.0,84.0,38.0,98.0,79.0,152.0
2022-04-12,1260.0,327.0,232.0,48.0,21.0,100.0,58.0,127.0
2022-04-13,1247.0,333.0,211.0,46.0,30.0,116.0,49.0,145.0
2022-04-14,1261.0,286.0,168.0,38.0,32.0,86.0,58.0,139.0
2022-04-15,1087.0,278.0,201.0,45.0,26.0,119.0,49.0,119.0
2022-04-16,773.0,193.0,150.0,33.0,29.0,79.0,28.0,101.0
2022-04-17,708.0,147.0,156.0,30.0,28.0,51.0,29.0,80.0
2022-04-18,1996.0,491.0,318.0,58.0,78.0,161.0,97.0,220.0
2022-04-19,1833.0,470.0,317.0,71.0,45.0,157.0,92.0,210.0
2022-04-20,1800.0,466.0,334.0,54.0,54.0,173.0,94.0,182.0
2022-04-21,1739.0,443.0,307.0,37.0,50.0,143.0,88.0,194.0
2022-04-22,1649.0,425.0,223.0,59.0,42.0,148.0,83.0,160.0
2022-04-23,1097.0,320.0,163.0,47.0,30.0,88.0,76.0,144.0
2022-04-24,936.0,262.0,203.0,36.0,33.0,100.0,62.0,138.0
2022-04-25,2349.0,631.0,446.0,69.0,81.0,207.0,112.0,278.0
2022-04-26,2385.0,683.0,361.0,61.0,91.0,165.0,110.0,265.0
2022-04-27,2391.0,659.0,399.0,61.0,79.0,236.0,111.0,309.0
2022-04-28,2331.0,573.0,352.0,64.0,66.0,200.0,103.0,265.0
2022-04-29,2065.0,543.0,302.0,53.0,59.0,182.0,89.0,283.0
2022-04-30,1305.0,419.0,222.0,40.0,51.0,147.0,76.0,220.0
2022-05-01,1375.0,373.0,285.0,56.0,45.0,122.0,84.0,244.0
2022-05-02,3012.0,881.0,493.0,104.0,105.0,332.0,173.0,462.0
2022-05-03,3042.0,865.0,434.0,101.0,110.0,307.0,164.0,391.0
2022-05-04,3058.0,843.0,478.0,91.0,110.0,313.0,169.0,370.0
2022-05-05,2779.0,748.0,411.0,104.0,117.0,330.0,167.0,336.0
2022-05-06,2586.0,741.0,415.0,75.0,101.0,334.0,188.0,341.0
2022-05-07,1825.0,510.0,328.0,54.0,76.0,257.0,117.0,228.0
2022-05-08,1593.0,486.0,329.0,80.0,55.0,194.0,111.0,255.0
2022-05-09,3584.0,1028.0,654.0,134.0,168.0,505.0,237.0,488.0
2022-05-10,3357.0,978.0,556.0,128.0,159.0,427.0,217.0,490.0
2022-05-11,3297.0,1019.0,549.0,116.0,161.0,501.0,217.0,427.0
2022-05-12,3138.0,982.0,499.0,129.0,163.0,415.0,199.0,451.0
2022-05-13,3213.0,954.0,381.0,106.0,151.0,459.0,230.0,458.0
2022-05-14,1942.0,639.0,355.0,93.0,109.0,337.0,180.0,388.0
2022-05-15,1910.0,599.0,361.0,107.0,124.0,270.0,162.0,407.0
2022-05-16,4614.0,1505.0,717.0,230.0,267.0,714.0,347.0,717.0
2022-05-17,4445.0,1542.0,706.0,143.0,261.0,663.0,331.0,714.0
2022-05-18,4550.0,1513.0,578.0,199.0,251.0,630.0,322.0,687.0
2022-05-19,4342.0,1435.0,531.0,161.0,261.0,523.0,270.0,642.0
2022-05-20,3958.0,1237.0,472.0,154.0,225.0,559.0,273.0,632.0
2022-05-21,2349.0,797.0,332.0,84.0,158.0,379.0,196.0,450.0
2022-05-22,2300.0,697.0,311.0,92.0,132.0,329.0,173.0,472.0
2022-05-23,5883.0,1619.0,690.0,231.0,339.0,799.0,350.0,834.0
2022-05-24,5424.0,1718.0,575.0,235.0,347.0,750.0,334.0,725.0
2022-05-25,5290.0,1654.0,542.0,162.0,317.0,685.0,316.0,695.0
2022-05-26,4621.0,1467.0,501.0,167.0,283.0,643.0,293.0,676.0
2022-05-27,4166.0,1304.0,454.0,146.0,256.0,655.0,265.0,614.0
2022-05-28,2351.0,878.0,332.0,89.0,172.0,379.0,177.0,412.0
2022-05-29,1980.0,659.0,305.0,100.0,157.0,272.0,167.0,378.0
2022-05-30,2197.0,738.0,430.0,129.0,126.0,453.0,145.0,343.0
2022-05-31,7327.0,2273.0,664.0,256.0,470.0,957.0,373.0,1011.0
2022-06-01,6073.0,1879.0,646.0,224.0,405.0,862.0,320.0,915.0
2022-06-02,5395.0,1694.0,525.0,183.0,358.0,751.0,285.0,735.0
2022-06-03,4915.0,1373.0,425.0,174.0,341.0,633.0,274.0,689.0
2022-06-04,2900.0,949.0,374.0,119.0,232.0,468.0,188.0,528.0
2022-06-05,2447.0,729.0,337.0,98.0,171.0,355.0,185.0,535.0
2022-06-06,6062.0,1901.0,594.0,192.0,461.0,911.0,353.0,936.0
2022-06-07,5633.0,1788.0,531.0,177.0,420.0,776.0,307.0,794.0
2022-06-08,5329.0,1578.0,523.0,146.0,383.0,718.0,365.0,882.0
2022-06-09,4624.0,1497.0,423.0,139.0,336.0,633.0,275.0,686.0
2022-06-10,4390.0,1411.0,401.0,131.0,355.0,577.0,268.0,693.0
2022-06-11,2721.0,917.0,321.0,99.0,229.0,397.0,186.0,520.0
2022-06-12,2337.0,702.0,324.0,66.0,194.0,306.0,178.0,526.0
2022-06-13,4941.0,1735.0,562.0,173.0,462.0,736.0,358.0,944.0
2022-06-14,4559.0,1710.0,551.0,129.0,420.0,675.0,292.0,741.0
2022-06-15,4519.0,1714.0,489.0,136.0,392.0,628.0,293.0,781.0
2022-06-16,4298.0,1552.0,438.0,133.0,363.0,594.0,275.0,723.0
2022-06-17,3982.0,1525.0,452.0,149.0,369.0,583.0,271.0,748.0
2022-06-18,2841.0,964.0,320.0,105.0,242.0,390.0,180.0,553.0
2022-06-19,2428.0,719.0,333.0,111.0,202.0,315.0,175.0,534.0
2022-06-20,4885.0,1537.0,525.0,170.0,446.0,728.0,353.0,871.0
2022-06-21,5400.0,1992.0,616.0,184.0,487.0,703.0,337.0,939.0
2022-06-22,4803.0,1686.0,485.0,167.0,434.0,696.0,323.0,961.0
2022-06-23,4971.0,1610.0,486.0,147.0,417.0,625.0,304.0,849.0
2022-06-24,4649.0,1475.0,468.0,165.0,403.0,605.0,300.0,921.0
2022-06-25,3280.0,1042.0,315.0,131.0,288.0,396.0,227.0,647.0
2022-06-26,3002.0,905.0,297.0,143.0,230.0,311.0,209.0,643.0
2022-06-27,6564.0,2195.0,644.0,208.0,536.0,820.0,394.0,1229.0
2022-06-28,6190.0,1929.0,545.0,187.0,465.0,728.0,381.0,1148.0
2022-06-29,5908.0,1863.0,522.0,170.0,430.0,676.0,324.0,1197.0
2022-06-30,5608.0,1725.0,484.0,151.0,389.0,592.0,307.0,1053.0
2022-07-01,5322.0,1521.0,429.0,197.0,394.0,582.0,344.0,1098.0
2022-07-02,3436.0,1035.0,280.0,116.0,283.0,382.0,211.0,712.0
2022-07-03,2657.0,806.0,287.0,127.0,218.0,334.0,173.0,593.0
2022-07-04,2701.0,730.0,337.0,108.0,244.0,273.0,211.0,571.0
2022-07-05,8390.0,2644.0,610.0,222.0,644.0,773.0,466.0,1639.0
2022-07-06,6831.0,2353.0,517.0,223.0,602.0,650.0,397.0,1465.0
2022-07-07,6406.0,2129.0,419.0,190.0,554.0,683.0,380.0,1356.0
2022-07-08,6300.0,1914.0,381.0,194.0,544.0,626.0,319.0,1317.0
2022-07-09,4226.0,1249.0,264.0,127.0,369.0,435.0,240.0,911.0
2022-07-10,3468.0,900.0,234.0,133.0,259.0,304.0,262.0,897.0
2022-07-11,7228.0,2489.0,535.0,232.0,672.0,702.0,473.0,1594.0
2022-07-12,7081.0,2371.0,414.0,208.0,663.0,546.0,396.0,1434.0
2022-07-13,6757.0,2360.0,406.0,213.0,537.0,590.0,332.0,1284.0
2022-07-14,6603.0,1908.0,400.0,180.0,548.0,524.0,333.0,1209.0
2022-07-15,6129.0,1883.0,336.0,179.0,534.0,556.0,348.0,1235.0
2022-07-16,4152.0,1272.0,256.0,129.0,391.0,367.0,226.0,827.0
2022-07-17,3417.0,907.0,185.0,116.0,287.0,272.0,226.0,786.0
2022-07-18,7238.0,2386.0,469.0,267.0,687.0,662.0,452.0,1467.0
2022-07-19,6733.0,2320.0,422.0,190.0,590.0,624.0,382.0,1281.0
2022-07-20,6082.0,2104.0,360.0,210.0,604.0,630.0,347.0,1308.0
2022-07-21,5532.0,1839.0,338.0,179.0,512.0,552.0,319.0,1092.0
2022-07-22,5554.0,1689.0,358.0,161.0,473.0,511.0,326.0,1062.0
2022-07-23,3483.0,1082.0,196.0,102.0,277.0,354.0,186.0,741.0
2022-07-24,2808.0,823.0,194.0,99.0,225.0,270.0,184.0,706.0
2022-07-25,6411.0,2080.0,448.0,225.0,649.0,684.0,409.0,1291.0
2022-07-26,5782.0,1786.0,312.0,193.0,577.0,533.0,306.0,1090.0
2022-07-27,4964.0,1697.0,286.0,179.0,540.0,535.0,309.0,1023.0
2022-07-28,4672.0,1454.0,248.0,149.0,417.0,459.0,278.0,1010.0
2022-07-29,4201.0,1356.0,226.0,122.0,424.0,424.0,262.0,800.0
2022-07-30,2830.0,862.0,179.0,122.0,237.0,312.0,150.0,542.0
2022-07-31,2424.0,645.0,151.0,89.0,202.0,242.0,158.0,533.0
2022-08-01,5108.0,1598.0,396.0,228.0,557.0,607.0,315.0,1046.0
2022-08-02,4671.0,1430.0,258.0,175.0,459.0,436.0,251.0,1006.0
2022-08-03,4282.0,1165.0,237.0,163.0,424.0,410.0,253.0,913.0
2022-08-04,3671.0,1218.0,202.0,121.0,395.0,429.0,235.0,851.0
2022-08-05,3643.0,995.0,207.0,133.0,326.0,422.0,229.0,709.0
2022-08-06,2452.0,669.0,143.0,101.0,177.0,240.0,149.0,553.0
2022-08-07,2144.0,558.0,155.0,72.0,178.0,176.0,108.0,514.0
2022-08-08,4355.0,1282.0,274.0,185.0,414.0,489.0,258.0,924.0
2022-08-09,3569.0,1092.0,222.0,133.0,361.0,400.0,242.0,793.0
2022-08-10,3448.0,889.0,247.0,148.0,324.0,413.0,232.0,750.0
2022-08-11,3133.0,850.0,158.0,112.0,269.0,332.0,216.0,708.0
2022-08-12,2892.0,775.0,148.0,101.0,246.0,310.0,188.0,584.0
2022-08-13,2012.0,524.0,124.0,70.0,204.0,217.0,141.0,406.0
2022-08-14,1765.0,446.0,117.0,77.0,139.0,191.0,163.0,419.0
2022-08-15,3425.0,894.0,215.0,138.0,300.0,481.0,262.0,784.0
2022-08-16,3267.0,842.0,178.0,96.0,299.0,397.0,245.0,775.0
2022-08-17,2910.0,816.0,160.0,123.0,242.0,331.0,225.0,669.0
2022-08-18,2764.0,729.0,126.0,99.0,226.0,324.0,168.0,623.0
2022-08-19,2414.0,656.0,146.0,105.0,209.0,305.0,173.0,548.0
2022-08-20,1725.0,498.0,139.0,77.0,159.0,186.0,124.0,413.0
2022-08-21,1454.0,372.0,121.0,69.0,144.0,164.0,109.0,399.0
2022-08-22,3117.0,859.0,201.0,127.0,270.0,371.0,225.0,790.0
2022-08-23,2810.0,681.0,149.0,120.0,235.0,342.0,157.0,634.0
2022-08-24,2602.0,619.0,151.0,89.0,247.0,321.0,168.0,589.0
2022-08-25,2289.0,554.0,138.0,76.0,188.0,277.0,164.0,520.0
2022-08-26,2067.0,522.0,115.0,93.0,193.0,265.0,151.0,491.0
2022-08-27,1326.0,415.0,82.0,50.0,146.0,178.0,79.0,322.0
2022-08-28,1154.0,323.0,72.0,60.0,113.0,127.0,83.0,308.0
2022-08-29,2560.0,731.0,148.0,118.0,235.0,326.0,184.0,591.0
2022-08-30,2111.0,609.0,103.0,74.0,214.0,264.0,132.0,526.0
2022-08-31,1702.0,504.0,112.0,82.0,168.0,195.0,135.0,390.0
2022-09-01,1320.0,446.0,65.0,61.0,161.0,195.0,98.0,329.0
2022-09-02,1088.0,337.0,41.0,58.0,149.0,168.0,104.0,288.0
2022-09-03,357.0,199.0,28.0,30.0,81.0,111.0,53.0,134.0
2022-09-04,44.0,53.0,8.0,21.0,33.0,24.0,26.0,32.0
2022-09-05,0.0,0.0,0.0,0.0,0.0,0.0,0.0,0.0
